Age,Weight (kg),Height (m),Session_Duration (hours),Calories_Burned,Workout_Type_HIIT,Workout_Type_Strength,Workout_Type_Yoga,Gender_Male
56,88.3,1.71,1.69,1313.0,False,False,True,True
46,74.9,1.53,1.3,883.0,True,False,False,False
32,68.1,1.66,1.11,677.0,False,False,False,False
25,53.2,1.7,0.59,532.0,False,True,False,True
38,46.1,1.79,0.64,556.0,False,True,False,True
56,58.0,1.68,1.59,1116.0,True,False,False,False
36,70.3,1.72,1.49,1385.0,False,False,False,True
40,69.7,1.51,1.27,895.0,False,False,False,False
28,121.7,1.94,1.03,719.0,False,True,False,True
28,101.8,1.84,1.08,808.0,False,False,False,True
41,120.8,1.67,0.82,593.0,True,False,False,True
53,51.7,1.7,1.15,865.0,True,False,False,True
57,112.5,1.61,1.24,1013.0,False,False,False,True
41,94.5,2.0,1.18,794.0,True,False,False,True
20,117.7,1.81,1.35,1195.0,False,False,True,True
39,42.5,1.75,1.13,740.0,False,True,False,False
19,64.0,1.53,1.33,1111.0,True,False,False,False
41,43.8,1.77,1.19,884.0,False,False,False,False
47,66.8,1.75,1.13,742.0,False,True,False,False
55,75.2,1.67,1.37,1030.0,True,False,False,False
19,89.0,1.77,1.5,1048.0,False,True,False,True
38,71.9,1.77,1.12,875.0,False,False,False,True
50,71.0,1.68,1.17,848.0,False,False,True,False
29,120.9,1.78,0.78,721.0,False,False,True,True
39,64.3,1.69,1.25,925.0,True,False,False,False
42,63.7,1.71,1.42,1080.0,False,False,True,False
44,65.2,1.8,0.73,502.0,True,False,False,True
59,53.9,1.75,1.48,989.0,False,True,False,True
45,84.9,1.86,1.64,1104.0,True,False,False,True
33,78.0,1.68,1.29,871.0,True,False,False,False
32,108.2,1.8,1.27,964.0,True,False,False,True
20,65.4,1.52,1.03,654.0,False,False,True,False
54,50.2,1.61,1.48,1046.0,True,False,False,False
24,58.9,1.51,1.04,816.0,False,False,False,False
38,81.4,1.71,1.52,1237.0,True,False,False,True
26,127.6,1.73,1.32,1162.0,False,True,False,True
56,59.3,1.56,1.26,879.0,False,False,False,False
35,96.9,1.71,1.34,1069.0,False,True,False,True
21,62.6,1.81,1.3,1072.0,False,True,False,True
42,45.5,1.6,1.31,1057.0,False,True,False,True
31,48.8,1.51,1.48,969.0,False,False,False,False
26,44.3,1.6,1.08,734.0,False,False,False,False
43,113.2,1.83,1.45,962.0,False,False,True,True
19,60.5,1.59,1.14,730.0,False,False,False,False
37,124.2,1.76,1.5,1304.0,True,False,False,True
45,52.4,1.85,1.2,956.0,False,True,False,True
24,54.7,1.74,0.84,772.0,False,False,True,True
25,88.1,1.95,1.41,1016.0,False,False,False,True
52,59.7,1.71,1.23,836.0,False,True,False,False
31,79.7,1.54,1.03,742.0,False,False,False,False
34,51.0,1.62,1.42,1122.0,False,False,True,False
53,84.2,1.76,1.67,1133.0,False,False,False,True
57,122.1,1.89,1.13,750.0,False,False,False,True
21,96.7,1.72,1.26,1046.0,False,True,False,True
19,73.0,1.79,0.81,506.0,True,False,False,False
23,114.8,1.6,1.47,1318.0,False,False,False,True
59,65.5,1.52,1.4,1021.0,False,False,True,False
21,50.3,1.52,1.08,832.0,False,False,False,False
46,61.0,1.71,1.67,1150.0,False,False,False,False
35,44.6,1.62,0.56,440.0,True,False,False,False
43,58.2,1.61,1.04,580.0,False,True,False,False
51,44.8,1.63,1.08,666.0,False,False,True,False
27,87.5,1.63,1.75,1299.0,False,True,False,True
53,51.8,1.74,1.23,773.0,False,True,False,True
31,64.4,1.7,1.97,1418.0,False,True,False,False
48,67.1,1.61,0.62,421.0,False,False,False,False
32,85.9,1.6,1.99,1587.0,True,False,False,True
25,65.4,1.77,0.89,627.0,False,False,False,False
31,61.1,1.76,1.81,1358.0,False,False,True,False
40,106.5,1.65,1.32,1176.0,True,False,False,True
57,64.0,1.52,1.73,1004.0,False,True,False,False
38,61.4,1.54,1.47,963.0,True,False,False,False
33,40.5,1.63,1.07,786.0,False,False,True,False
35,70.1,1.79,1.08,743.0,False,False,False,True
41,94.1,1.62,1.13,777.0,False,False,False,True
43,55.5,1.82,1.08,663.0,False,True,False,True
42,53.7,1.72,1.37,875.0,False,False,False,False
58,66.1,1.75,0.63,363.0,False,False,False,False
46,103.9,1.77,1.18,864.0,False,False,True,True
32,61.7,1.58,1.87,1262.0,True,False,False,False
18,52.3,1.74,1.2,990.0,False,False,False,False
42,59.5,1.74,1.78,1129.0,False,False,True,False
24,72.9,1.76,0.86,546.0,False,False,True,False
26,76.7,1.63,1.08,751.0,False,True,False,False
41,72.1,1.83,1.13,744.0,False,False,True,True
18,54.8,1.68,1.27,1003.0,False,True,False,False
25,105.0,1.88,1.34,1150.0,False,False,False,True
41,55.0,1.55,1.45,1103.0,False,True,False,False
28,81.6,1.66,1.09,917.0,False,False,True,True
34,75.6,1.6,0.64,416.0,True,False,False,False
52,61.5,1.69,1.8,1231.0,False,False,False,False
52,74.0,1.63,1.26,936.0,False,False,False,True
50,56.4,1.59,1.26,924.0,True,False,False,False
22,102.6,1.84,1.25,1052.0,False,True,False,True
59,54.6,1.57,0.58,441.0,False,False,False,False
58,103.5,1.66,1.33,1106.0,False,False,False,True
45,59.4,1.51,1.15,735.0,False,True,False,False
26,77.7,1.62,1.16,804.0,False,False,True,True
25,41.2,1.62,1.49,1073.0,False,False,True,False
29,58.6,1.61,1.2,805.0,False,False,True,True
51,109.3,1.78,0.54,420.0,False,True,False,True
50,69.6,1.96,0.97,667.0,False,True,False,True
40,56.2,1.79,1.79,1369.0,False,False,True,False
41,71.7,1.96,0.51,424.0,False,False,True,True
54,86.0,1.93,1.74,1404.0,False,True,False,True
52,79.4,1.59,1.39,1020.0,False,True,False,False
57,78.4,1.62,1.01,677.0,False,True,False,False
39,55.4,1.6,1.44,979.0,True,False,False,False
44,61.7,1.55,1.41,819.0,False,True,False,False
52,85.5,1.82,1.78,1357.0,False,False,True,True
18,87.6,1.93,1.72,1315.0,True,False,False,True
52,82.4,1.72,1.01,685.0,False,True,False,True
54,67.0,1.68,0.55,446.0,False,False,True,True
31,42.3,1.6,1.09,888.0,False,False,False,False
20,82.7,1.99,1.69,1357.0,True,False,False,True
18,92.4,1.74,1.41,1303.0,False,False,True,True
22,63.2,1.54,1.02,790.0,False,False,False,False
43,82.7,1.85,1.22,858.0,False,False,True,True
31,86.6,1.76,1.29,1071.0,False,True,False,True
44,98.0,1.83,1.28,824.0,False,False,False,True
32,78.6,1.62,1.28,880.0,False,False,True,True
32,59.0,1.66,0.51,408.0,False,False,False,False
43,57.3,1.79,1.98,1479.0,False,False,True,False
59,122.3,1.89,0.66,500.0,False,False,True,True
30,85.3,1.95,1.61,1373.0,False,False,True,True
49,45.2,1.74,1.24,870.0,False,True,False,False
56,55.6,1.92,0.68,458.0,False,True,False,True
49,82.8,1.95,1.91,1503.0,False,False,True,True
21,125.2,1.66,1.38,1207.0,True,False,False,True
47,58.5,1.79,1.42,837.0,False,False,True,False
54,86.1,1.95,1.17,811.0,False,False,True,True
40,63.5,1.61,1.31,1041.0,False,False,False,False
56,69.3,1.68,0.66,451.0,False,False,True,True
32,70.5,1.62,1.24,756.0,False,True,False,False
46,60.1,1.65,1.69,1042.0,False,False,False,False
53,94.1,1.95,0.89,608.0,True,False,False,True
30,79.2,1.62,1.26,1046.0,False,False,False,False
49,115.3,1.91,1.38,854.0,True,False,False,True
24,62.9,1.79,1.42,958.0,False,False,False,False
39,62.0,1.64,0.97,678.0,False,False,False,True
45,88.5,1.78,1.53,1265.0,True,False,False,True
19,73.9,1.77,1.28,877.0,False,True,False,False
59,50.3,1.95,1.07,885.0,False,True,False,True
23,83.1,1.8,0.7,624.0,False,True,False,True
45,65.1,1.78,1.46,1038.0,False,False,False,False
45,46.6,1.79,1.46,1214.0,False,False,True,True
37,103.5,1.89,0.54,499.0,False,False,False,True
47,61.9,1.54,1.95,1150.0,False,False,True,False
28,52.0,1.61,1.32,1082.0,False,False,True,False
45,113.4,1.71,0.83,530.0,False,True,False,True
42,62.9,1.98,1.42,886.0,False,False,True,True
56,40.4,1.8,1.23,913.0,False,False,False,False
50,67.1,1.75,0.67,362.0,False,False,False,False
18,70.0,1.61,1.3,1201.0,False,True,False,True
44,69.5,1.75,1.02,711.0,True,False,False,False
30,107.9,1.66,1.08,832.0,False,False,False,True
58,109.0,1.91,1.49,1151.0,False,False,True,True
20,101.0,1.91,1.36,1070.0,False,False,False,True
56,88.5,1.85,1.57,1119.0,False,False,False,True
23,80.9,1.8,1.55,1074.0,False,False,False,True
25,43.1,1.62,1.04,837.0,True,False,False,False
44,59.1,1.52,1.58,967.0,False,False,True,False
26,54.0,1.53,1.14,844.0,False,True,False,False
54,72.3,1.78,1.27,852.0,False,False,False,False
50,51.1,1.98,0.92,574.0,False,False,True,True
59,89.4,1.72,1.08,813.0,False,False,True,True
41,51.5,1.8,1.09,680.0,False,True,False,True
32,87.9,1.88,1.52,1195.0,False,False,False,True
49,42.0,1.52,1.1,644.0,True,False,False,False
49,79.2,1.72,1.46,925.0,False,False,True,True
41,64.8,1.71,1.2,778.0,False,True,False,True
58,63.0,1.78,1.58,1095.0,True,False,False,False
29,56.2,1.77,0.68,418.0,False,False,True,False
56,52.9,1.64,1.1,767.0,False,False,False,False
19,49.0,1.69,1.05,772.0,False,False,True,False
54,83.6,1.86,1.54,1082.0,True,False,False,True
34,56.2,1.77,1.81,1249.0,False,False,False,False
19,87.8,1.78,1.28,1133.0,False,False,False,True
19,85.9,1.85,1.66,1424.0,False,True,False,True
45,51.1,1.87,1.44,1126.0,False,False,False,True
40,57.4,1.71,1.87,1337.0,False,True,False,False
54,114.9,1.92,1.2,802.0,True,False,False,True
49,62.1,1.66,1.37,937.0,True,False,False,False
50,57.1,1.91,1.09,707.0,False,False,True,True
18,68.1,1.8,1.1,926.0,False,False,True,True
36,69.2,1.65,1.23,852.0,False,True,False,True
19,65.2,1.52,1.23,800.0,False,False,False,False
43,108.6,1.73,1.33,988.0,False,False,False,True
49,40.0,1.65,1.03,686.0,False,False,True,False
23,41.9,1.58,0.56,370.0,True,False,False,False
49,68.3,1.52,1.45,979.0,False,True,False,False
21,88.4,1.6,1.71,1138.0,True,False,False,True
28,66.0,1.9,1.18,1025.0,True,False,False,True
34,71.9,1.64,1.26,929.0,False,False,False,True
55,75.6,1.71,1.03,663.0,False,True,False,True
41,63.4,1.59,1.84,1267.0,True,False,False,False
22,71.6,1.77,1.49,1177.0,False,False,True,False
51,57.4,1.77,1.08,598.0,False,False,True,False
23,83.8,1.99,1.79,1280.0,False,False,False,True
39,55.9,1.71,1.95,1443.0,False,False,True,False
28,87.0,1.76,1.2,799.0,False,False,True,True
33,65.3,1.71,1.18,796.0,True,False,False,False
50,45.4,1.67,1.37,1071.0,False,False,True,True
26,87.1,1.87,1.71,1241.0,False,False,True,True
23,78.6,1.73,1.47,1147.0,True,False,False,False
33,78.0,1.71,1.08,734.0,False,False,False,False
46,58.0,1.53,1.83,1153.0,False,False,False,False
20,71.3,1.69,1.28,1043.0,False,True,False,False
37,49.1,1.74,1.11,842.0,False,False,True,True
53,78.3,1.65,1.24,703.0,True,False,False,False
36,57.3,1.64,1.13,887.0,False,True,False,False
43,48.4,1.61,1.28,732.0,False,False,False,False
20,76.4,1.62,1.35,980.0,False,False,False,True
36,110.2,1.77,1.19,1021.0,True,False,False,True
37,72.9,1.76,1.21,732.0,False,True,False,False
49,82.1,1.86,1.87,1481.0,False,True,False,True
24,58.9,1.76,0.63,410.0,True,False,False,False
58,82.2,1.87,1.57,1111.0,True,False,False,True
50,96.7,1.72,1.46,903.0,False,True,False,True
57,81.4,1.86,1.8,1292.0,False,False,False,True
56,107.8,1.73,1.09,680.0,False,False,True,True
35,65.8,1.62,1.0,790.0,False,False,False,False
57,68.5,1.56,1.45,900.0,True,False,False,False
18,63.9,1.59,1.87,1169.0,False,True,False,False
28,76.3,1.62,1.16,1034.0,False,True,False,True
45,44.5,1.65,1.44,959.0,False,False,True,False
42,50.7,1.75,1.29,940.0,False,True,False,False
40,55.1,1.61,1.55,1224.0,False,False,True,False
48,73.7,1.61,1.36,815.0,False,False,False,True
47,55.6,1.77,1.2,820.0,False,False,False,True
59,86.9,1.76,1.13,688.0,False,True,False,True
52,60.3,1.68,1.6,900.0,False,True,False,False
24,40.4,1.64,0.99,832.0,True,False,False,False
33,78.5,1.66,1.29,1006.0,True,False,False,False
43,102.6,1.72,0.82,597.0,False,True,False,True
19,110.8,1.91,1.31,1074.0,False,True,False,True
18,60.9,1.79,1.11,699.0,False,False,False,False
29,55.7,1.61,1.41,993.0,False,True,False,True
22,110.5,1.92,1.16,919.0,True,False,False,True
54,55.2,1.71,0.77,579.0,False,False,False,True
49,46.5,1.72,1.4,832.0,False,False,True,True
26,70.9,1.66,0.81,506.0,True,False,False,False
58,74.6,1.75,1.09,739.0,True,False,False,True
52,45.1,1.72,0.93,594.0,False,False,False,True
36,99.9,1.99,1.33,1075.0,False,False,True,True
33,117.0,1.61,1.04,744.0,True,False,False,True
20,75.9,1.73,1.39,1056.0,False,True,False,False
37,71.2,1.64,1.11,666.0,True,False,False,False
41,78.8,1.72,1.01,660.0,False,False,False,True
50,50.6,1.69,1.31,1012.0,False,False,False,True
41,82.5,1.79,1.69,1163.0,False,False,False,True
28,108.5,1.79,1.33,878.0,True,False,False,True
25,49.9,1.98,1.15,772.0,False,False,True,True
53,125.1,1.91,0.52,353.0,False,True,False,True
55,79.7,1.66,1.06,763.0,False,False,False,False
57,126.8,1.63,0.96,632.0,False,False,True,True
37,54.6,1.57,1.31,982.0,False,True,False,False
52,47.8,1.54,1.34,880.0,False,False,False,False
42,97.9,1.91,1.01,680.0,False,True,False,True
52,63.1,1.54,1.36,1010.0,False,True,False,False
42,72.4,1.69,1.07,713.0,False,False,True,False
46,58.9,1.7,1.52,1060.0,False,True,False,False
35,50.4,1.6,1.03,803.0,False,False,False,False
35,64.2,1.59,1.63,1182.0,False,False,True,False
19,58.8,1.77,1.4,952.0,True,False,False,False
52,105.2,1.62,1.36,949.0,True,False,False,True
33,45.9,1.5,0.92,662.0,False,False,True,False
58,65.2,1.63,1.12,610.0,True,False,False,False
53,56.3,1.79,1.52,964.0,False,True,False,False
50,90.0,1.7,0.81,497.0,False,False,False,True
21,60.0,1.7,1.97,1212.0,False,True,False,False
50,51.5,1.71,1.48,1136.0,False,False,True,True
31,63.1,1.64,1.54,962.0,False,False,False,False
38,91.5,1.77,0.8,616.0,False,False,True,True
37,48.7,1.67,1.39,1009.0,False,False,True,True
25,57.8,1.56,1.35,1053.0,False,False,True,False
24,42.0,1.75,0.83,598.0,False,True,False,False
34,74.2,1.57,1.47,1161.0,False,False,False,False
50,89.6,1.68,1.79,1232.0,False,False,False,True
29,125.9,2.0,1.36,1137.0,False,True,False,True
39,105.5,1.99,0.81,593.0,True,False,False,True
39,93.4,1.7,1.1,938.0,False,True,False,True
47,82.1,1.84,1.37,922.0,False,True,False,True
55,42.9,1.69,0.9,567.0,False,False,True,False
25,112.4,1.96,1.42,1054.0,False,False,False,True
44,77.7,1.79,1.41,1047.0,True,False,False,False
44,89.3,1.99,1.4,936.0,True,False,False,True
51,70.3,1.55,1.4,876.0,False,False,True,False
38,59.1,1.72,1.07,792.0,False,False,False,False
47,49.9,1.69,1.48,979.0,True,False,False,False
50,101.7,1.67,0.53,333.0,True,False,False,True
45,93.0,1.91,1.03,729.0,False,False,False,True
50,87.4,1.6,0.77,465.0,False,True,False,True
22,55.1,1.61,1.62,1166.0,True,False,False,False
36,123.7,1.69,1.3,987.0,False,False,False,True
21,61.3,1.57,1.94,1474.0,True,False,False,False
52,72.3,1.94,1.46,874.0,False,False,True,True
34,69.2,1.53,1.36,911.0,True,False,False,False
45,81.4,1.61,1.14,796.0,False,False,False,True
47,84.8,1.86,1.85,1181.0,True,False,False,True
46,55.1,1.72,1.43,970.0,False,False,True,True
23,59.0,1.78,1.67,1177.0,False,False,True,False
52,64.9,1.51,1.83,1359.0,True,False,False,False
58,109.7,1.75,1.01,840.0,True,False,False,True
54,78.4,1.9,0.81,585.0,False,False,True,True
41,76.7,1.79,1.4,832.0,False,False,True,False
46,63.1,1.61,1.0,684.0,False,True,False,False
48,62.9,1.58,1.98,1105.0,False,True,False,False
52,85.6,1.74,1.84,1321.0,False,False,True,True
50,66.3,1.57,1.25,742.0,True,False,False,False
38,61.3,1.97,1.37,1100.0,False,False,False,True
49,44.1,1.65,1.16,694.0,True,False,False,False
40,63.8,1.62,1.3,1022.0,True,False,False,True
50,55.4,1.55,1.85,1016.0,False,True,False,False
20,74.7,1.58,1.04,863.0,False,True,False,False
35,78.0,1.67,1.13,949.0,False,True,False,False
42,57.5,1.67,1.14,764.0,False,False,True,False
59,60.7,1.73,1.03,714.0,False,False,True,False
48,69.0,1.74,1.48,1223.0,True,False,False,True
20,75.8,1.78,1.42,944.0,True,False,False,False
57,75.7,1.63,0.69,407.0,False,False,False,False
41,71.2,1.64,1.42,939.0,True,False,False,False
49,85.0,1.68,1.82,1468.0,True,False,False,True
39,63.6,1.56,1.22,903.0,False,True,False,False
40,73.2,1.94,0.81,722.0,False,True,False,True
19,48.3,1.52,0.96,653.0,False,True,False,False
44,42.8,1.78,1.49,1066.0,False,True,False,False
59,88.1,1.76,1.35,1123.0,False,True,False,True
19,72.4,1.75,1.2,840.0,False,False,False,False
43,73.2,1.88,1.17,822.0,False,False,False,True
34,110.5,1.86,1.42,1086.0,False,False,False,True
57,46.1,1.76,1.44,842.0,False,True,False,False
50,90.8,1.71,1.07,810.0,False,False,True,True
26,59.3,1.51,1.7,1096.0,False,True,False,False
56,45.1,1.73,0.83,482.0,False,True,False,False
46,45.0,1.77,1.48,1187.0,False,False,False,True
59,89.4,1.62,1.43,885.0,False,True,False,True
43,127.7,1.69,1.14,875.0,False,False,False,True
52,70.9,1.72,1.31,927.0,False,True,False,True
42,49.2,1.5,1.15,678.0,True,False,False,False
41,62.3,1.79,1.99,1451.0,False,False,True,False
30,64.1,1.87,0.64,500.0,False,False,True,True
24,69.7,1.75,1.41,1029.0,False,False,False,False
53,56.9,1.59,1.49,1100.0,True,False,False,False
37,53.0,1.71,1.13,881.0,False,False,True,False
18,72.7,1.55,0.84,525.0,False,False,False,False
25,76.5,1.96,0.67,442.0,False,True,False,True
33,113.6,1.99,1.38,949.0,False,True,False,True
31,62.5,1.62,1.56,1318.0,True,False,False,False
29,95.2,1.86,0.64,496.0,False,False,True,True
40,51.7,1.82,0.9,792.0,False,True,False,True
32,105.3,1.67,0.57,448.0,False,False,False,True
45,71.2,1.68,1.37,888.0,False,True,False,False
51,78.1,1.51,0.92,555.0,False,True,False,False
19,50.6,1.68,1.21,877.0,False,False,True,False
49,70.2,1.89,0.7,440.0,False,False,True,True
40,62.6,1.53,1.93,1380.0,False,False,False,False
39,60.6,1.65,0.92,768.0,True,False,False,False
42,76.4,1.97,1.14,886.0,True,False,False,True
39,63.3,1.71,1.88,1175.0,False,True,False,False
39,68.6,1.64,1.33,1024.0,False,False,False,False
59,123.3,1.88,1.3,1036.0,True,False,False,True
23,107.0,1.94,1.35,891.0,True,False,False,True
32,68.3,1.92,1.42,1289.0,False,True,False,True
54,47.8,1.6,1.19,830.0,False,False,False,False
50,58.4,1.79,1.6,943.0,True,False,False,False
25,74.3,1.71,1.43,1123.0,False,False,True,False
22,106.8,1.82,1.0,715.0,False,False,True,True
56,125.5,1.8,1.26,817.0,False,True,False,True
21,55.2,1.55,1.37,1103.0,False,True,False,False
23,71.4,1.72,1.25,1056.0,False,True,False,False
49,77.7,1.61,1.03,806.0,False,True,False,True
47,88.4,1.6,1.86,1160.0,True,False,False,True
52,104.8,1.99,0.93,598.0,False,False,False,True
57,82.2,1.69,1.15,882.0,False,True,False,True
33,68.2,1.75,0.85,638.0,False,True,False,False
30,91.4,1.99,1.37,1145.0,True,False,False,True
59,42.1,1.65,1.22,725.0,False,True,False,False
47,68.7,1.76,1.37,845.0,False,True,False,False
36,47.2,1.74,1.5,1200.0,False,False,False,False
34,92.0,1.76,0.73,574.0,False,False,True,True
36,56.2,1.95,1.09,767.0,False,True,False,True
45,58.4,1.72,1.31,973.0,True,False,False,True
43,82.9,1.95,1.9,1505.0,False,False,False,True
54,66.9,1.74,1.24,720.0,True,False,False,False
43,66.3,1.85,1.18,707.0,False,False,False,True
40,93.6,1.93,1.38,1192.0,False,False,False,True
26,64.1,1.5,1.93,1293.0,False,True,False,False
29,86.7,1.62,1.52,1020.0,False,True,False,True
18,62.0,1.59,1.23,996.0,False,True,False,False
18,58.1,1.61,1.9,1425.0,False,False,True,False
51,64.9,1.6,1.49,838.0,False,False,True,False
49,69.3,1.62,1.14,626.0,True,False,False,False
42,42.7,1.74,1.04,608.0,False,True,False,False
57,51.4,1.63,1.2,724.0,False,False,True,False
18,67.4,1.6,0.6,492.0,False,True,False,False
33,55.6,1.61,1.77,1301.0,False,False,True,False
56,125.3,1.86,1.0,639.0,False,False,True,True
22,102.1,1.85,1.48,1278.0,False,False,False,True
39,61.9,1.77,1.32,1205.0,False,True,False,True
46,108.8,1.64,1.4,1171.0,False,True,False,True
20,51.1,1.58,0.5,422.0,False,False,True,False
29,81.7,1.99,1.45,1005.0,False,True,False,True
43,42.7,1.66,0.73,440.0,False,False,True,False
33,81.8,1.99,1.59,1198.0,False,True,False,True
54,54.6,1.76,1.28,868.0,False,False,False,True
39,107.7,1.88,0.72,634.0,False,True,False,True
46,56.9,1.6,0.88,566.0,False,False,False,False
31,78.8,1.71,1.49,992.0,True,False,False,True
45,48.2,1.64,1.25,894.0,False,True,False,False
22,50.7,1.59,1.27,883.0,False,True,False,False
47,86.6,1.99,1.98,1500.0,False,True,False,True
22,96.3,1.63,1.35,1203.0,False,False,False,True
29,80.8,1.98,1.65,1316.0,False,True,False,True
33,58.0,1.53,1.84,1159.0,False,True,False,False
43,95.9,1.85,1.28,995.0,False,False,True,True
43,61.5,1.58,1.86,1247.0,True,False,False,False
38,40.6,1.79,0.62,499.0,False,False,False,False
56,82.5,1.87,1.51,927.0,False,False,True,True
53,105.1,1.84,0.69,444.0,False,False,False,True
50,58.1,1.58,1.93,1042.0,False,False,True,False
47,61.0,1.76,1.54,1060.0,True,False,False,False
54,64.5,1.53,1.74,940.0,False,False,True,False
40,58.2,1.98,1.43,1085.0,False,False,False,True
27,69.5,1.76,0.94,569.0,False,True,False,False
22,62.2,1.84,0.51,393.0,False,True,False,True
53,68.0,1.7,1.06,663.0,True,False,False,False
51,56.3,1.5,1.43,914.0,False,False,False,False
48,94.5,1.7,1.01,700.0,False,False,False,True
27,58.0,1.79,1.39,994.0,False,False,False,False
36,84.0,1.94,1.8,1218.0,True,False,False,True
49,61.0,1.87,1.14,739.0,False,True,False,True
18,64.8,1.53,1.98,1396.0,False,False,True,False
22,45.7,1.77,1.04,795.0,True,False,False,True
21,80.9,1.9,1.8,1356.0,False,False,True,True
33,64.1,1.63,1.58,948.0,False,True,False,False
41,67.0,1.77,1.22,900.0,True,False,False,True
33,106.5,1.6,1.4,1170.0,False,True,False,True
19,95.1,1.85,1.21,952.0,False,False,True,True
45,65.5,1.57,0.66,395.0,False,False,False,False
49,105.7,1.64,1.2,921.0,False,False,False,True
44,48.0,1.76,0.88,491.0,False,False,True,False
37,69.5,1.5,0.69,448.0,False,False,False,False
41,66.1,1.69,0.77,545.0,False,False,True,True
29,68.0,1.7,0.76,627.0,True,False,False,True
52,50.3,1.78,0.85,555.0,True,False,False,True
50,69.3,1.68,1.2,729.0,True,False,False,False
50,86.7,1.63,1.7,1203.0,False,False,False,True
54,125.9,1.94,1.35,882.0,False,True,False,True
29,88.1,1.93,1.88,1479.0,False,False,False,True
20,124.3,1.82,1.25,997.0,False,False,False,True
18,62.0,1.85,0.88,586.0,False,True,False,True
50,69.7,1.72,1.24,753.0,False,True,False,False
57,60.9,1.52,1.31,926.0,False,True,False,False
27,76.5,1.97,1.13,1025.0,False,True,False,True
46,94.7,1.82,1.47,873.0,False,False,False,True
30,67.9,1.75,1.25,1155.0,False,False,True,True
29,121.1,1.87,1.31,937.0,True,False,False,True
48,71.5,1.64,1.46,1012.0,False,False,True,False
19,98.6,1.7,0.83,740.0,False,False,False,True
52,68.2,1.63,1.17,779.0,False,True,False,False
40,57.7,1.69,1.18,920.0,True,False,False,False
34,124.6,1.63,1.41,1055.0,True,False,False,True
43,73.0,1.59,1.31,931.0,False,False,True,False
25,59.4,1.51,1.62,1304.0,False,False,False,False
46,52.0,1.65,0.7,463.0,False,False,False,False
43,42.2,1.65,1.33,886.0,False,False,False,False
43,110.0,1.76,1.09,658.0,False,False,True,True
51,66.2,1.58,0.86,499.0,True,False,False,False
58,58.6,1.66,1.21,964.0,True,False,False,True
24,51.0,1.67,0.97,710.0,False,True,False,True
21,101.5,1.95,0.97,699.0,False,False,True,True
28,114.2,1.87,1.05,959.0,False,True,False,True
46,54.4,1.72,0.91,725.0,False,False,False,True
53,52.4,1.57,1.34,898.0,True,False,False,False
42,85.2,1.81,1.54,1151.0,False,False,True,True
38,83.6,1.74,1.66,1379.0,False,False,False,True
53,115.4,1.92,1.36,1084.0,False,False,True,True
27,71.2,1.97,0.74,615.0,True,False,False,True
54,78.1,1.6,1.1,718.0,False,False,True,False
26,54.2,1.65,1.07,642.0,False,False,False,False
41,77.6,1.76,1.27,920.0,False,True,False,False
52,44.1,1.62,1.41,768.0,True,False,False,False
52,85.5,1.8,1.7,1144.0,False,True,False,True
53,47.8,1.76,1.06,711.0,True,False,False,False
35,102.5,1.94,0.84,730.0,False,False,False,True
56,118.0,1.9,0.66,412.0,True,False,False,True
49,82.3,1.84,1.29,932.0,False,True,False,True
41,81.6,1.87,1.87,1185.0,True,False,False,True
40,60.2,1.88,1.22,946.0,False,False,False,True
49,49.2,1.54,1.28,881.0,True,False,False,False
54,46.6,1.5,1.38,1025.0,False,True,False,False
29,68.7,1.72,1.08,907.0,False,False,False,False
30,60.6,1.55,1.3,780.0,False,True,False,False
40,52.1,1.61,0.87,612.0,True,False,False,True
42,46.6,1.77,0.61,382.0,False,False,True,False
52,65.5,1.74,1.48,1011.0,False,True,False,True
58,44.2,1.57,1.08,753.0,True,False,False,False
47,89.1,1.84,1.44,1133.0,False,False,True,True
34,65.9,1.62,0.81,731.0,False,False,True,True
37,55.6,1.57,0.97,597.0,False,False,False,False
42,63.7,1.98,1.37,868.0,False,False,True,True
30,59.2,1.63,1.85,1304.0,False,True,False,False
36,85.4,1.88,1.98,1492.0,False,False,True,True
53,68.1,1.55,1.41,831.0,True,False,False,False
29,60.0,1.62,0.85,684.0,False,True,False,False
58,74.8,1.69,1.28,933.0,False,True,False,False
36,90.3,1.65,1.38,1199.0,False,False,False,True
29,86.1,1.65,1.66,1169.0,True,False,False,True
26,73.7,1.66,0.93,639.0,False,False,True,True
24,67.7,1.56,1.42,980.0,True,False,False,False
45,78.3,1.96,1.29,1066.0,False,False,False,True
31,48.2,1.65,1.1,913.0,False,False,False,False
48,56.8,1.51,1.37,777.0,True,False,False,False
36,112.4,1.63,1.02,757.0,False,False,False,True
33,59.0,1.67,0.9,558.0,False,False,False,False
22,98.4,1.88,0.52,386.0,False,False,False,True
52,66.5,1.6,1.34,796.0,True,False,False,True
29,106.5,1.81,1.29,1107.0,False,False,False,True
42,88.4,1.93,1.68,1314.0,False,False,True,True
38,88.4,1.79,1.74,1321.0,False,False,True,True
53,53.3,1.74,1.37,962.0,False,True,False,False
40,58.1,1.56,0.61,415.0,False,False,True,False
33,74.2,1.76,1.15,834.0,False,True,False,False
56,84.6,1.63,1.01,705.0,True,False,False,True
59,78.0,1.92,0.72,453.0,False,False,False,True
56,89.0,1.68,1.77,1332.0,False,False,True,True
31,42.7,1.76,1.46,883.0,False,True,False,False
48,83.9,1.82,1.9,1401.0,True,False,False,True
22,78.7,1.52,1.45,1204.0,False,True,False,False
52,65.9,1.52,1.27,794.0,False,False,False,False
40,76.9,1.92,1.13,851.0,False,False,True,True
46,84.3,2.0,1.83,1467.0,True,False,False,True
28,62.4,1.6,1.1,710.0,False,True,False,False
35,63.7,1.74,1.03,810.0,True,False,False,True
29,54.9,1.52,1.48,910.0,False,True,False,False
26,76.4,1.79,1.17,1004.0,False,True,False,True
27,106.4,1.86,1.34,907.0,False,False,False,True
34,68.4,1.5,1.37,904.0,False,False,False,False
55,63.5,1.86,1.36,969.0,False,True,False,True
24,59.4,1.5,1.25,825.0,False,False,True,False
30,113.4,1.91,1.27,957.0,True,False,False,True
57,61.9,1.52,0.92,592.0,True,False,False,False
59,70.7,1.68,1.17,637.0,False,False,False,False
26,111.5,1.9,1.02,937.0,False,False,True,True
44,72.1,1.66,1.4,958.0,False,True,False,False
19,56.9,1.87,0.61,463.0,False,False,False,True
22,86.2,1.9,1.91,1345.0,False,True,False,True
46,59.4,1.68,1.16,844.0,False,True,False,True
54,75.6,1.72,0.97,672.0,False,False,False,False
55,76.3,1.73,1.08,768.0,False,False,True,False
36,95.8,1.86,1.37,972.0,True,False,False,True
25,120.6,1.83,1.04,686.0,False,False,False,True
18,65.3,1.55,1.42,1143.0,False,False,True,False
39,85.3,1.89,0.77,593.0,False,True,False,True
34,68.0,1.68,0.67,472.0,False,False,False,True
24,52.6,1.57,1.29,1071.0,True,False,False,False
42,63.3,1.77,1.32,876.0,True,False,False,True
21,76.3,1.65,1.14,878.0,False,True,False,False
53,61.0,1.63,0.54,331.0,False,False,False,True
23,67.8,1.61,1.34,1072.0,True,False,False,False
48,114.9,1.86,1.36,949.0,False,False,False,True
56,67.7,1.58,1.45,927.0,False,True,False,False
44,124.8,1.85,1.35,842.0,False,True,False,True
27,53.0,1.58,1.26,895.0,False,False,False,False
43,61.2,1.88,1.03,831.0,False,False,True,True
36,48.7,1.68,1.23,886.0,False,False,True,False
56,50.6,1.7,1.29,848.0,False,True,False,False
20,72.6,1.73,1.27,1016.0,True,False,False,False
30,70.4,1.56,1.03,644.0,False,False,True,False
45,52.5,1.88,1.08,818.0,False,True,False,True
37,76.3,1.77,1.36,957.0,True,False,False,True
45,41.2,1.58,1.47,1111.0,True,False,False,False
25,55.3,1.76,1.56,1186.0,False,False,True,False
58,49.7,1.67,1.38,776.0,False,True,False,False
56,48.3,1.87,0.68,525.0,True,False,False,True
18,83.2,1.96,1.83,1510.0,True,False,False,True
20,120.5,1.73,1.01,850.0,False,False,False,True
30,121.6,2.0,1.24,1091.0,False,False,False,True
45,73.0,1.75,1.14,759.0,False,False,True,False
42,57.5,1.67,1.76,1053.0,False,False,False,False
50,42.7,1.53,1.41,983.0,False,True,False,False
23,108.6,1.92,0.89,656.0,False,False,True,True
49,88.6,2.0,1.83,1150.0,False,False,False,True
38,49.7,1.51,1.25,906.0,True,False,False,False
33,56.4,1.54,1.06,822.0,False,True,False,False
38,46.9,1.74,1.03,946.0,False,True,False,True
28,71.3,1.67,1.46,1022.0,False,True,False,False
54,71.6,1.86,1.14,830.0,False,False,True,True
53,82.3,1.61,1.87,1139.0,False,True,False,True
52,70.6,1.69,1.36,826.0,True,False,False,False
36,109.8,1.62,0.84,651.0,True,False,False,True
37,73.5,1.69,0.54,354.0,False,False,False,False
35,85.6,1.85,1.78,1322.0,False,True,False,True
58,74.6,1.68,1.03,737.0,False,False,True,False
31,63.2,1.8,0.59,463.0,False,False,False,False
32,62.6,1.63,1.67,1344.0,True,False,False,False
48,87.1,1.76,1.81,1398.0,False,True,False,True
18,82.3,1.84,1.73,1408.0,True,False,False,True
20,64.3,1.78,1.71,1171.0,False,False,False,False
33,53.7,1.66,1.25,806.0,True,False,False,False
40,63.0,2.0,1.42,1257.0,False,True,False,True
29,88.0,1.89,1.75,1319.0,False,False,False,True
27,63.7,1.52,1.19,714.0,False,True,False,False
49,83.7,1.87,1.29,1009.0,True,False,False,True
33,102.6,1.75,1.4,1078.0,True,False,False,True
25,77.7,1.55,0.55,330.0,False,False,True,False
55,87.5,1.88,1.19,789.0,False,False,True,True
29,87.0,1.86,1.52,1028.0,False,False,True,True
41,82.8,1.66,1.97,1355.0,True,False,False,True
45,65.4,1.68,0.76,441.0,True,False,False,False
25,47.2,1.71,0.89,632.0,False,False,False,False
45,58.2,1.7,0.95,684.0,False,False,True,False
53,73.5,1.55,1.17,806.0,True,False,False,False
43,55.2,1.73,1.67,1240.0,False,False,False,False
25,64.4,1.71,1.12,935.0,True,False,False,False
45,73.5,1.74,1.18,807.0,False,False,False,False
45,89.6,1.81,1.7,1287.0,False,False,True,True
54,86.5,1.76,1.48,1158.0,False,False,True,True
58,46.1,1.67,1.28,743.0,False,False,True,False
53,68.5,1.97,1.3,894.0,True,False,False,True
44,94.6,1.84,1.26,748.0,True,False,False,True
34,54.2,1.52,1.13,746.0,False,False,False,False
26,47.7,1.77,1.15,759.0,False,True,False,True
50,52.2,1.84,1.38,847.0,False,True,False,True
37,88.8,1.95,1.58,1173.0,False,False,True,True
30,101.0,1.68,1.46,1076.0,False,True,False,True
45,118.4,1.95,1.06,881.0,False,False,True,True
46,47.9,1.72,1.41,933.0,False,False,False,False
30,51.5,1.74,1.08,810.0,False,True,False,False
52,79.9,1.51,0.75,479.0,False,True,False,False
23,121.3,1.85,0.72,661.0,False,False,True,True
35,78.9,1.64,1.28,1050.0,False,False,False,False
42,73.5,1.63,0.52,350.0,False,True,False,True
27,88.5,1.98,1.8,1515.0,False,False,False,True
47,43.4,1.62,0.51,303.0,False,False,False,False
22,42.8,1.56,1.47,978.0,False,True,False,False
50,64.5,1.79,1.17,753.0,False,False,True,True
18,50.7,1.53,1.29,948.0,False,False,True,False
35,59.2,1.66,1.3,1151.0,False,True,False,True
49,78.9,1.73,1.38,938.0,False,False,False,False
28,78.7,1.63,1.1,847.0,False,True,False,False
38,68.7,1.92,1.31,1081.0,False,False,False,True
43,53.1,1.59,0.82,502.0,False,True,False,False
42,64.8,1.65,1.1,904.0,False,False,False,True
39,50.3,1.61,1.17,749.0,True,False,False,False
44,102.3,1.63,1.34,856.0,False,False,True,True
30,62.9,1.92,1.13,789.0,True,False,False,True
50,56.5,1.6,1.88,1184.0,False,False,True,False
51,74.6,1.55,0.71,422.0,False,False,False,False
58,52.0,1.79,1.12,937.0,True,False,False,True
52,52.1,1.67,1.5,837.0,False,False,True,False
18,72.2,1.54,0.97,606.0,False,True,False,False
38,85.8,1.8,1.72,1410.0,False,False,False,True
23,81.4,1.85,1.6,1320.0,False,False,False,True
45,50.9,1.65,1.45,887.0,False,True,False,False
34,52.0,1.78,1.38,987.0,False,True,False,True
22,71.0,1.93,1.42,1086.0,False,False,True,True
48,80.6,1.77,1.51,1248.0,False,False,False,True
22,58.3,1.72,1.0,640.0,False,False,True,False
55,63.0,1.7,1.32,719.0,False,True,False,False
20,111.0,1.94,1.02,875.0,False,False,False,True
40,52.6,1.66,1.27,762.0,False,True,False,False
54,116.4,2.0,1.13,688.0,False,False,True,True
54,75.6,1.61,1.41,983.0,False,False,True,False
27,61.6,1.8,1.48,1172.0,False,False,True,True
27,108.0,1.8,1.38,926.0,False,False,False,True
36,59.3,1.75,0.99,634.0,False,True,False,False
34,75.7,1.94,1.18,915.0,False,True,False,True
38,56.3,1.6,1.21,859.0,False,False,True,False
31,58.2,1.73,1.17,766.0,False,False,True,False
26,55.7,1.68,1.13,802.0,False,False,True,True
18,125.9,1.67,1.46,1229.0,False,False,True,True
30,62.7,1.67,1.02,826.0,True,False,False,False
21,86.6,1.86,1.37,972.0,True,False,False,True
18,64.5,1.82,1.2,983.0,True,False,False,True
57,76.6,1.86,1.14,796.0,False,False,True,True
49,81.4,1.83,1.98,1225.0,False,False,True,True
51,60.7,1.71,1.14,954.0,False,True,False,True
45,57.2,1.55,1.67,909.0,False,False,False,False
48,73.0,1.59,1.19,798.0,False,True,False,False
25,123.8,1.99,1.13,752.0,True,False,False,True
56,93.6,1.66,1.37,1024.0,False,True,False,True
43,76.8,1.92,1.24,988.0,False,False,True,True
51,54.7,1.53,1.11,674.0,True,False,False,False
20,92.3,1.94,1.14,821.0,True,False,False,True
29,71.8,1.55,1.2,720.0,False,False,False,False
18,66.9,1.57,1.07,679.0,False,False,False,False
22,48.7,1.76,1.37,1144.0,True,False,False,False
47,66.2,1.71,1.42,1188.0,True,False,False,True
47,40.0,1.76,0.8,475.0,False,True,False,False
34,112.4,1.85,1.18,870.0,True,False,False,True
40,70.0,1.55,0.85,693.0,False,False,True,False
32,84.0,1.74,1.45,1013.0,False,True,False,True
54,43.8,1.65,1.29,749.0,False,False,True,False
38,123.3,1.62,1.34,1216.0,False,False,True,True
31,57.9,1.56,1.8,1116.0,False,False,True,False
28,84.8,1.79,1.35,1025.0,False,False,False,True
56,109.6,1.66,1.29,1060.0,False,False,False,True
55,86.4,1.77,1.0,777.0,False,False,True,True
51,63.9,1.8,1.07,626.0,True,False,False,False
55,70.8,1.62,0.54,394.0,False,True,False,False
51,115.3,1.67,1.38,950.0,False,False,True,True
35,55.3,1.56,1.71,1188.0,False,True,False,False
47,73.9,1.8,1.36,942.0,False,True,False,True
32,97.3,1.96,1.36,1025.0,True,False,False,True
44,60.4,1.65,1.27,966.0,True,False,False,False
51,49.3,1.61,1.36,868.0,False,False,False,True
55,91.8,1.78,1.44,1091.0,False,False,False,True
50,73.6,1.55,0.89,581.0,True,False,False,False
41,47.1,1.78,1.26,929.0,False,False,True,True
32,65.2,1.62,0.58,408.0,False,False,False,True
59,96.7,1.71,0.57,423.0,False,False,True,True
34,46.9,1.61,1.02,821.0,False,True,False,False
22,72.1,1.62,1.38,849.0,True,False,False,False
46,62.5,1.54,1.61,906.0,False,True,False,False
21,110.7,1.69,1.06,775.0,False,False,True,True
27,102.6,1.83,1.41,954.0,True,False,False,True
34,64.3,1.62,1.76,1276.0,False,False,True,False
27,80.7,1.61,1.75,1598.0,False,True,False,True
34,115.3,1.81,1.36,1249.0,False,False,True,True
37,87.8,1.69,1.81,1573.0,True,False,False,True
41,74.3,1.61,1.06,714.0,False,True,False,True
22,78.5,1.7,1.36,938.0,False,True,False,False
51,77.3,1.58,0.97,733.0,False,False,False,False
23,64.5,1.7,0.51,319.0,False,False,False,False
19,72.0,1.94,1.17,952.0,False,False,True,True
30,77.9,1.77,1.41,916.0,False,False,False,False
28,69.6,1.58,1.49,1006.0,False,False,False,False
40,68.9,1.99,1.16,951.0,False,False,False,True
33,45.9,1.89,1.45,1148.0,False,False,False,True
48,68.2,1.69,0.75,537.0,True,False,False,False
28,79.6,1.59,1.49,968.0,True,False,False,False
33,53.6,1.52,1.02,643.0,False,False,False,False
25,57.7,1.58,1.36,986.0,False,False,True,False
21,74.2,1.93,1.32,1024.0,True,False,False,True
57,64.4,1.56,1.52,985.0,False,False,False,False
21,54.9,1.78,0.55,380.0,True,False,False,False
42,50.3,1.64,0.63,468.0,False,True,False,True
20,46.5,1.68,0.91,660.0,True,False,False,False
49,57.8,1.99,0.93,741.0,True,False,False,True
20,83.0,1.8,0.79,695.0,False,False,True,True
44,82.5,1.79,1.51,1159.0,True,False,False,True
46,66.5,1.73,1.11,709.0,False,False,True,False
49,70.2,1.67,0.93,695.0,False,True,False,False
36,121.9,1.93,1.49,1082.0,False,False,False,True
38,70.3,1.52,1.19,857.0,False,False,True,False
22,40.3,1.56,1.45,877.0,True,False,False,False
35,101.4,1.76,0.84,559.0,True,False,False,True
45,79.2,1.95,1.47,982.0,False,False,True,True
59,75.8,1.77,1.46,841.0,False,True,False,False
39,71.7,1.88,0.55,445.0,False,False,False,True
38,57.7,1.56,1.64,1082.0,True,False,False,False
23,47.4,1.6,0.76,585.0,False,True,False,False
18,57.2,1.75,1.29,1032.0,False,False,False,False
22,44.8,1.72,1.48,977.0,False,False,False,False
58,90.2,1.72,0.9,668.0,True,False,False,True
29,84.9,1.72,1.79,1378.0,False,False,True,True
43,95.7,1.77,1.08,807.0,True,False,False,True
51,59.0,1.65,1.22,924.0,True,False,False,True
31,60.5,1.77,1.72,1092.0,True,False,False,False
43,53.8,1.72,1.03,742.0,False,True,False,False
44,86.6,1.97,1.66,1372.0,False,False,True,True
26,72.8,1.67,1.37,829.0,False,True,False,False
43,66.3,1.77,1.48,1046.0,True,False,False,False
39,56.0,1.6,0.89,672.0,False,False,True,False
47,45.9,1.93,1.29,1015.0,False,False,False,True
34,88.0,1.64,1.9,1536.0,False,False,True,True
43,94.0,1.79,1.31,1012.0,True,False,False,True
53,44.7,1.79,1.34,965.0,False,False,True,False
18,63.2,1.63,0.66,436.0,False,False,False,True
25,95.6,1.9,1.47,1294.0,False,False,False,True
52,47.8,1.86,1.01,645.0,False,False,True,True
32,85.3,1.64,1.77,1197.0,False,False,False,True
39,59.7,1.83,1.35,1143.0,False,True,False,True
31,70.2,1.98,0.71,504.0,False,False,True,True
43,72.7,1.8,0.79,590.0,False,False,False,False
45,50.4,1.79,0.74,433.0,False,False,False,False
40,81.7,1.74,0.91,666.0,False,False,True,True
31,49.3,1.62,0.56,484.0,False,True,False,True
41,61.9,1.64,1.93,1138.0,False,False,True,False
19,49.1,1.68,1.42,1164.0,False,False,False,False
43,66.5,1.83,1.11,747.0,False,False,True,True
31,75.5,1.93,0.6,446.0,False,False,False,True
24,88.2,1.79,1.76,1491.0,True,False,False,True
20,74.8,1.75,1.33,885.0,False,False,True,True
40,72.2,1.6,0.87,566.0,False,False,True,False
35,62.8,1.63,1.41,1241.0,False,False,False,True
55,84.7,1.79,1.19,719.0,False,False,False,True
52,116.5,1.69,0.53,388.0,False,False,False,True
32,77.4,1.92,1.39,1047.0,False,False,False,True
42,72.9,1.62,1.17,732.0,False,False,True,False
54,58.4,1.59,1.08,807.0,False,False,False,False
45,64.3,1.54,1.67,999.0,False,False,True,False
27,89.3,1.87,1.62,1363.0,False,True,False,True
56,90.2,1.61,1.38,1148.0,False,False,True,True
34,59.0,1.62,1.13,847.0,False,False,False,False
56,58.7,1.86,1.09,858.0,False,False,False,True
39,127.5,1.82,1.26,1116.0,False,True,False,True
43,68.6,1.52,1.42,875.0,False,False,True,False
42,56.7,1.53,1.07,717.0,False,True,False,False
34,64.5,1.78,1.33,958.0,False,False,True,False
30,61.6,1.52,1.78,1228.0,False,False,False,False
37,75.1,1.82,1.23,859.0,False,False,True,True
42,79.3,1.93,1.22,888.0,False,False,False,True
21,72.6,1.68,1.19,756.0,False,False,False,False
27,76.7,1.7,0.96,792.0,True,False,False,True
20,44.2,1.61,1.08,659.0,True,False,False,False
58,56.5,1.7,0.74,406.0,False,False,True,False
35,100.9,1.63,1.1,986.0,False,False,False,True
53,55.8,1.55,1.12,711.0,False,True,False,False
39,58.3,1.93,1.35,1010.0,False,False,False,True
51,48.6,1.77,1.47,1128.0,False,True,False,True
25,81.7,1.95,1.94,1451.0,False,False,True,True
57,85.6,1.69,1.76,1159.0,False,False,True,True
36,60.0,1.72,1.63,1043.0,False,True,False,False
59,126.4,1.69,1.24,915.0,False,True,False,True
58,75.4,1.78,1.05,662.0,False,False,False,False
54,64.2,1.69,1.69,996.0,False,False,True,False
23,65.2,1.62,1.37,1069.0,False,False,False,False
43,70.1,1.66,0.99,673.0,False,True,False,False
51,102.6,1.77,1.21,779.0,True,False,False,True
23,107.2,1.93,1.15,879.0,True,False,False,True
54,56.5,1.75,1.76,1220.0,True,False,False,False
50,61.6,1.75,1.22,911.0,False,True,False,False
39,81.7,1.75,1.32,1198.0,False,False,False,True
38,76.6,1.58,0.74,481.0,False,False,True,False
23,116.8,1.79,1.0,698.0,False,True,False,True
23,60.1,1.59,1.8,1107.0,True,False,False,False
21,93.7,1.73,1.0,803.0,False,False,False,True
47,41.6,1.58,1.03,756.0,False,False,True,False
28,55.1,1.79,1.99,1582.0,False,False,True,False
47,127.1,1.76,0.71,552.0,False,True,False,True
48,69.1,1.6,1.34,1001.0,False,True,False,False
41,66.8,1.74,1.34,898.0,False,False,True,False
26,125.5,1.76,1.15,1031.0,False,False,True,True
20,71.3,1.58,1.07,893.0,True,False,False,False
57,96.3,1.86,1.1,795.0,False,True,False,True
54,67.5,1.54,0.72,454.0,False,False,False,False
53,64.4,1.55,1.77,1107.0,True,False,False,False
41,64.9,1.57,1.04,576.0,True,False,False,False
48,52.3,1.66,0.74,433.0,False,False,True,False
23,56.7,1.55,1.38,911.0,False,False,False,False
19,46.8,1.63,1.35,864.0,True,False,False,False
37,70.3,1.77,1.01,621.0,False,True,False,False
45,80.8,1.76,1.7,1102.0,False,False,True,True
28,56.0,1.5,1.94,1242.0,False,True,False,False
21,101.2,1.84,1.3,944.0,False,False,True,True
32,56.6,1.57,1.65,1378.0,True,False,False,False
23,40.9,1.75,0.82,594.0,False,False,True,False
47,127.8,1.65,0.77,598.0,False,False,False,True
55,49.3,1.76,1.28,927.0,False,True,False,False
19,64.3,1.63,1.87,1234.0,False,False,False,False
32,49.3,1.62,1.18,1025.0,False,True,False,True
28,63.0,1.62,0.68,500.0,False,True,False,False
25,41.1,1.67,1.03,711.0,False,False,True,False
43,40.5,1.74,1.5,965.0,True,False,False,False
22,71.0,1.62,0.91,691.0,True,False,False,True
23,60.9,1.62,1.59,1336.0,False,False,False,False
43,64.7,1.66,1.88,1117.0,False,False,True,False
21,51.0,1.71,1.07,706.0,True,False,False,False
36,57.7,1.77,1.65,1213.0,False,True,False,False
37,76.9,1.82,1.49,992.0,False,True,False,True
50,80.5,1.77,1.85,1181.0,False,False,True,True
37,73.3,1.74,1.03,726.0,False,False,False,False
29,49.0,1.57,1.33,878.0,False,False,True,False
18,114.5,1.97,1.03,725.0,False,False,False,True
43,81.0,1.78,1.58,1189.0,False,False,True,True
31,53.5,1.76,1.22,811.0,False,True,False,False
55,52.1,1.68,0.77,637.0,False,False,True,True
54,70.1,1.52,0.76,475.0,True,False,False,False
28,86.9,1.78,1.29,951.0,True,False,False,True
53,73.4,1.76,1.09,815.0,False,False,True,True
30,90.0,1.66,1.32,1104.0,False,False,False,True
20,85.7,1.92,1.72,1287.0,False,False,False,True
50,70.4,1.55,0.73,470.0,False,True,False,False
23,57.7,1.71,1.15,942.0,False,True,False,True
27,75.7,1.76,0.68,494.0,False,False,False,True
22,61.8,1.52,1.83,1519.0,False,False,True,False
40,80.3,1.76,1.63,1497.0,False,True,False,True
27,104.3,1.68,1.28,950.0,False,False,False,True
19,65.7,1.58,1.46,883.0,False,False,False,False
30,120.3,1.96,0.66,494.0,False,False,True,True
57,51.9,1.57,1.05,713.0,True,False,False,False
19,59.1,1.57,1.65,1336.0,False,False,False,False
37,66.9,1.75,1.38,876.0,False,True,False,False
18,66.9,1.75,0.94,573.0,False,False,True,False
54,78.7,1.66,1.42,921.0,False,False,True,True
26,62.4,1.61,1.88,1307.0,False,False,True,False
34,102.1,1.71,0.96,713.0,True,False,False,True
26,51.9,2.0,0.75,549.0,True,False,False,True
28,58.3,2.0,1.32,980.0,False,True,False,True
41,101.1,1.83,0.79,634.0,False,False,True,True
55,118.6,1.72,0.77,640.0,False,True,False,True
52,84.8,1.85,1.19,895.0,False,False,False,True
47,80.0,1.77,0.72,531.0,True,False,False,True
48,73.1,1.83,1.05,681.0,False,False,True,True
22,117.3,1.68,1.24,914.0,False,False,True,True
31,77.4,1.71,1.26,863.0,False,False,False,False
28,72.9,1.67,1.13,831.0,False,False,False,False
26,71.2,1.5,1.15,816.0,False,False,False,False
51,88.2,1.62,1.56,1027.0,False,False,False,True
29,75.6,1.8,1.31,976.0,False,False,True,False
52,57.9,1.56,1.66,1135.0,True,False,False,False
52,70.6,1.58,1.02,753.0,True,False,False,False
18,118.6,1.64,0.94,693.0,False,False,False,True
57,55.7,1.99,1.13,705.0,False,True,False,True
39,102.3,1.94,0.89,656.0,False,False,True,True
46,72.6,1.87,1.31,1044.0,True,False,False,True
25,63.8,1.68,0.95,784.0,False,False,False,False
28,67.3,1.67,0.61,479.0,False,True,False,False
58,59.3,1.58,1.97,1463.0,False,True,False,False
54,70.7,1.57,1.14,836.0,False,False,False,False
31,86.9,1.69,1.72,1230.0,False,False,True,True
47,98.2,1.9,0.76,557.0,True,False,False,True
52,63.6,1.62,1.3,965.0,False,True,False,True
38,45.2,1.68,1.01,727.0,True,False,False,False
54,117.2,1.62,1.04,736.0,True,False,False,True
22,107.4,1.74,1.34,1017.0,False,True,False,True
36,59.1,1.78,0.85,514.0,False,False,False,False
31,53.3,1.64,0.57,402.0,False,True,False,False
43,46.2,1.63,1.18,812.0,False,True,False,True
21,67.0,1.61,1.32,1104.0,False,False,True,True
42,86.3,1.77,1.77,1113.0,True,False,False,True
59,85.5,1.67,1.99,1418.0,False,False,False,True
42,70.2,1.87,1.38,1127.0,True,False,False,True
35,127.1,1.62,1.02,718.0,False,True,False,True
57,75.6,1.67,1.05,723.0,False,False,False,False
25,62.6,1.65,1.2,852.0,False,False,False,False
56,55.7,1.53,1.91,1066.0,False,False,False,False
57,96.1,1.74,1.21,862.0,False,False,False,True
31,76.7,1.62,1.39,883.0,False,False,True,False
49,57.2,1.89,1.14,762.0,False,False,False,True
55,69.9,1.81,1.2,992.0,False,True,False,True
50,67.9,1.77,1.03,760.0,False,False,True,False
40,87.9,1.87,1.96,1445.0,False,True,False,True
32,102.8,1.98,1.24,818.0,False,True,False,True
50,51.8,1.5,1.32,838.0,True,False,False,False
42,57.7,1.57,1.83,1005.0,False,False,False,False
34,66.5,1.69,0.81,636.0,False,False,False,False
50,95.4,1.61,1.16,764.0,False,True,False,True
19,69.2,1.6,1.17,907.0,False,False,False,False
31,66.6,1.67,1.02,699.0,False,False,True,False
57,83.4,1.65,1.57,1290.0,True,False,False,True
57,43.8,1.75,1.39,1001.0,False,False,False,False
56,64.2,1.69,1.99,1227.0,False,False,False,False
23,44.1,1.62,0.58,354.0,False,False,True,False
23,87.3,1.91,1.87,1327.0,True,False,False,True
20,55.0,1.6,1.12,1035.0,False,False,True,True
24,87.1,1.74,1.57,1364.0,False,True,False,True
25,66.6,1.61,1.38,1260.0,False,True,False,True
59,60.4,1.76,1.72,929.0,False,False,False,False
32,126.4,1.83,1.1,883.0,True,False,False,True
46,88.7,1.63,0.75,542.0,False,True,False,True
